SNV	ACGGCCATCTGTGCAA	CACCTTGCATCCGCGA	CGGAGTCGTACTTGAC	GACTACATCACGACTA	TCGTAGAGTCGTTGTA
1:1014228_G>A	11;3	50;22	7;1	5;0	10;3
1:1401954_G>T	3;0	1;3	1;0	1;0	2;1
1:9179385_T>C	0;0	0;0	1;0	2;1	1;0
1:9582659_T>C	1;1	1;0	3;0	5;0	4;0
1:11750617_G>A	1;0	0;3	1;1	0;1	3;5
1:11750634_C>T	1;0	0;3	1;1	0;1	3;5
1:28509422_A>G	5;1	1;0	1;0	3;1	1;1
1:32631871_T>C	6;0	10;1	3;0	6;0	3;0
1:36171754_G>A	1;1	0;0	0;0	1;0	1;0
1:36322287_G>A	0;0	0;0	0;2	1;2	0;0
1:37493351_A>G	1;0	2;0	2;0	3;1	0;0
1:37567697_A>G	1;0	2;1	0;0	0;0	4;0
1:41018984_G>C	1;2	1;0	0;0	1;0	0;0
1:42460225_A>G	2;0	3;1	1;0	2;0	4;0
1:43164751_C>T	2;0	1;0	3;0	3;0	4;0
1:45511126_T>A	3;0	12;1	6;0	6;0	29;0
1:108962698_T>C	0;0	0;0	1;1	0;0	0;0
1:109094607_C>G	0;0	6;3	1;0	1;1	6;1
1:111125554_A>T	0;0	0;0	0;0	1;1	0;0
1:113715490_T>C	2;1	1;0	3;0	3;0	3;2
1:114716978_G>T	2;0	1;0	2;0	2;1	0;0
1:117414791_A>G	2;0	1;0	2;0	1;1	2;0
1:151983227_G>A	3;8	24;24	5;11	7;14	5;22
1:151987186_A>G	0;0	0;0	0;0	1;1	0;0
1:153982170_C>T	0;0	1;2	0;1	0;1	1;0
1:155312809_A>G	1;1	0;0	0;0	0;0	0;1
1:155728634_C>T	0;0	0;0	0;0	1;1	0;0
1:164569781_A>G	9;0	1;0	6;2	2;1	2;0
1:167541190_C>A	2;2	2;2	1;0	0;0	0;1
1:171532692_A>G	1;0	0;0	0;0	1;1	1;1
1:192716705_G>A	0;2	0;3	0;5	0;2	0;2
1:201381392_C>A	0;1	1;3	1;0	0;7	0;1
1:202050025_A>G	0;0	0;0	2;0	2;0	0;0
1:202050036_A>G	0;0	1;0	2;0	2;0	0;0
1:202077239_A>G	0;0	0;0	4;0	0;0	1;0
1:202077246_A>G	0;0	0;0	4;0	0;0	1;0
1:246767262_G>C	0;1	1;3	0;0	0;1	0;1
10:5765414_A>G	5;0	7;1	2;0	2;0	16;0
10:6205594_T>G	2;0	0;0	1;1	0;0	0;0
10:12167753_T>C	0;0	2;2	0;0	1;2	1;6
10:17590107_C>T	0;0	1;1	0;0	0;0	0;0
10:67973832_T>C	0;0	0;0	0;0	0;0	2;1
10:72220186_A>G	3;0	1;1	2;0	1;0	1;0
10:95237832_A>G	0;0	1;3	0;0	0;1	0;3
10:96750924_A>C	0;9	3;5	1;8	0;5	3;10
10:96750950_G>A	0;4	0;2	0;6	0;2	0;6
10:98429381_A>G	0;1	0;0	1;2	2;4	0;0
10:110900331_G>A	3;0	1;1	1;0	2;0	3;0
10:129536947_T>C	1;1	0;0	0;0	0;0	0;0
11:34053369_T>G	1;1	0;0	0;0	0;0	0;0
11:61873755_C>A	1;1	2;0	0;1	4;0	3;2
11:62790109_C>G	8;5	0;0	6;1	1;5	2;5
11:64244067_G>A	3;5	5;3	4;7	3;3	4;3
11:65116580_G>A	1;1	1;0	0;1	1;1	5;3
11:65425762_C>T	1;1	1;0	1;0	1;0	0;0
11:65500099_C>T	1;0	2;1	0;0	3;0	0;0
11:65854816_A>T	1;2	1;0	0;1	1;1	2;2
11:66337522_C>T	3;2	2;0	0;0	3;3	1;0
11:67991300_G>T	2;0	0;1	0;0	0;0	0;0
11:69651347_C>A	1;2	1;0	2;2	1;2	1;0
11:70436523_A>C	2;0	0;0	0;1	4;1	1;3
11:75308510_C>T	2;0	6;0	11;1	1;0	2;0
11:75572694_G>T	0;0	1;0	0;0	3;0	2;1
11:77616334_G>A	1;1	4;0	2;0	2;0	5;0
11:118254910_T>C	0;0	0;0	0;0	0;0	1;1
11:118254957_G>A	0;0	0;0	0;0	0;0	1;1
11:119023577_A>G	0;0	2;2	0;0	0;0	1;1
12:10619961_G>T	0;0	0;0	0;0	0;0	1;1
12:12917818_A>G	0;3	2;1	1;1	0;3	0;1
12:52248733_C>T	5;1	2;3	1;2	3;6	0;4
12:52286153_C>G	6;1	18;9	25;11	26;3	57;12
12:52286224_T>C	3;0	5;2	11;7	7;1	23;5
12:53446172_C>G	0;0	1;1	0;3	1;2	1;2
12:57822963_G>A	1;0	2;0	1;1	1;0	1;0
12:66137914_A>G	0;1	1;0	0;1	2;2	1;3
12:68821147_A>G	2;0	0;0	3;1	1;0	0;0
12:68821148_A>G	2;0	0;0	3;1	1;0	0;0
12:68821213_A>G	1;1	2;1	7;0	0;3	2;0
12:92144123_G>T	3;0	3;0	1;0	2;1	0;0
12:93556476_A>C	0;0	1;1	0;0	0;0	0;0
12:118145427_T>C	0;1	9;5	3;4	4;1	9;4
12:118145528_T>C	1;0	2;0	1;0	1;1	4;0
12:119941236_C>T	3;1	0;0	7;3	3;7	1;2
12:120503412_T>C	0;0	1;0	1;1	0;2	1;2
12:121401153_A>G	0;0	1;1	0;0	1;1	0;0
12:123585120_A>G	0;0	1;1	2;2	1;2	1;1
12:132704876_G>A	1;2	2;0	0;0	0;1	0;1
13:27623253_C>T	13;0	10;0	10;0	15;2	13;0
13:27623299_C>T	12;0	8;1	12;1	17;4	11;1
13:45336990_T>C	39;0	24;0	11;0	43;0	27;0
13:45337036_T>C	10;36	3;27	6;11	9;44	6;27
14:22917699_T>C	1;0	1;1	0;0	1;0	0;0
14:23098418_A>G	0;0	7;0	2;0	4;0	6;1
14:24196855_A>G	0;0	0;0	1;1	1;1	0;0
14:24217008_T>A	15;13	24;19	17;16	32;13	19;17
14:30893354_G>A	0;0	0;0	0;0	1;1	0;0
14:34516194_A>G	1;0	2;0	0;0	1;0	11;1
14:35050161_C>T	6;5	3;7	3;6	4;13	1;3
14:58303809_T>G	0;0	0;0	0;0	0;0	1;1
14:59473009_T>C	1;0	1;1	0;0	0;1	3;1
14:67940293_T>C	0;0	0;1	2;2	0;2	0;0
14:73194775_A>G	0;0	0;0	0;0	0;0	1;1
14:81263407_A>G	3;0	1;0	0;0	1;0	2;1
14:101870294_A>G	1;3	0;2	0;1	0;2	0;1
14:101966252_A>G	1;1	1;0	1;0	3;0	1;0
14:102080881_G>A	0;0	3;0	0;0	0;0	2;0
15:43793834_C>T	88;37	67;33	83;35	60;24	39;6
15:59638932_A>G	5;1	2;3	3;2	8;1	1;2
15:65576356_C>T	0;0	0;0	0;0	0;0	1;1
15:74843916_A>C	2;1	0;0	0;0	0;0	1;0
15:74843920_C>G	2;1	0;0	0;0	0;0	1;0
15:83005409_T>C	2;1	1;1	2;1	1;1	1;0
15:83005449_T>C	2;0	4;0	3;1	2;0	2;0
15:83005485_T>C	1;0	5;0	3;1	3;1	1;1
15:84655375_C>T	2;2	7;1	1;2	5;2	2;1
15:89834464_G>A	2;0	7;0	1;0	1;0	3;1
15:90593819_T>C	1;1	0;0	0;0	0;0	1;0
15:90931006_T>C	0;1	0;0	2;0	1;1	1;3
15:90931029_A>G	1;0	0;0	2;1	3;0	5;0
15:98675104_T>C	2;1	2;0	0;0	1;0	0;0
15:98878485_T>C	0;0	0;0	0;0	1;1	0;0
15:101641980_A>G	1;2	0;3	0;1	2;2	1;0
16:57162_C>G	2;3	0;0	1;1	2;0	0;0
16:581922_C>T	0;0	1;1	0;0	0;0	0;0
16:1772158_T>C	3;2	1;5	4;0	3;2	5;8
16:1776838_C>T	1;0	2;1	0;0	1;0	1;0
16:3021963_T>C	1;0	0;1	0;0	2;0	1;2
16:8855041_T>G	1;0	1;2	0;1	1;2	0;7
16:11837476_T>C	7;0	13;1	7;0	6;1	14;0
16:11837515_T>C	8;0	14;0	6;0	5;1	17;0
16:23582320_T>C	10;0	25;0	6;1	16;0	33;0
16:25178053_C>T	2;0	4;0	3;0	2;1	3;0
16:28605736_G>A	0;0	6;2	1;1	0;0	2;4
16:28984436_C>A	0;1	1;2	1;1	2;3	3;6
16:28984459_G>A	1;0	1;0	1;0	3;1	9;0
16:31091000_C>T	1;1	2;7	1;2	1;2	1;4
16:56609431_G>C	0;4	7;15	0;15	0;3	0;20
16:69324892_G>A	0;2	3;0	2;0	3;0	3;4
16:69328874_T>A	2;2	1;0	0;0	1;2	1;1
16:69328876_C>A	2;2	1;0	0;0	1;2	1;1
16:75447287_G>C	0;0	1;3	1;1	1;1	2;1
16:85727810_T>C	1;0	1;0	0;0	2;0	5;1
16:85727811_T>C	1;0	1;0	0;0	2;0	5;1
16:88643329_C>T	2;2	2;2	2;1	3;1	5;1
16:88643420_A>G	1;4	9;9	6;3	9;3	15;5
16:88809520_T>C	3;3	10;5	5;10	5;3	6;5
16:89563328_C>T	7;10	10;13	11;21	18;17	10;11
16:89563372_G>A	5;4	4;8	7;10	9;8	4;7
16:89563411_G>A	2;1	2;2	1;4	0;4	4;5
16:89935882_T>C	3;3	13;20	1;5	3;1	15;15
16:90033163_G>A	0;0	0;1	0;0	0;0	1;2
17:2043209_C>G	0;4	1;3	1;0	2;6	4;2
17:4735189_T>C	0;0	0;0	1;1	0;0	0;0
17:5432738_G>A	4;0	3;0	1;0	0;1	1;3
17:5432868_A>G	7;2	1;0	2;1	4;2	7;3
17:5432890_T>C	8;4	1;2	3;1	5;1	9;4
17:7017340_C>T	14;0	5;0	4;3	4;0	4;0
17:7260364_A>G	3;0	3;0	5;1	3;0	3;0
17:7930508_T>G	11;11	8;6	9;8	7;7	8;7
17:12992535_C>T	0;0	2;0	0;0	0;0	1;0
17:17383354_T>G	1;21	2;17	5;15	4;23	6;11
17:17383355_A>T	22;1	19;2	15;4	25;4	12;4
17:18651641_A>G	4;0	3;3	1;0	1;2	1;0
17:19671939_G>A	0;0	0;0	0;0	0;0	2;1
17:50382880_G>C	1;0	3;0	1;0	1;3	3;1
17:59840588_C>A	2;0	0;0	2;1	2;0	2;1
17:59840589_C>A	2;0	1;0	2;1	0;0	2;1
17:59842094_T>G	5;21	5;17	5;28	4;25	2;11
17:59843014_T>C	50;0	23;0	21;0	55;0	11;1
17:59843015_A>G	45;5	23;0	19;2	51;4	11;1
17:59886472_C>A	1;1	0;0	0;1	2;3	0;0
17:64968348_C>T	1;0	1;0	1;1	0;0	1;0
17:68125666_C>T	4;1	4;2	1;2	5;4	0;1
17:75320122_A>G	4;0	5;0	3;0	4;1	13;0
17:75777610_T>C	8;4	25;32	6;9	24;22	5;18
17:75794012_C>G	0;0	3;1	1;3	1;3	0;3
17:77348465_A>G	5;0	7;1	5;0	10;0	3;0
18:733594_T>C	2;0	1;0	1;0	3;0	1;0
18:59158698_T>C	10;0	8;0	8;0	16;0	6;1
19:542009_A>T	0;0	1;2	0;1	1;1	0;0
19:583268_G>A	0;4	1;3	2;0	1;0	2;4
19:1088370_A>G	1;0	3;0	2;0	4;1	5;0
19:8262277_A>G	0;1	1;1	0;0	0;0	0;0
19:9136507_C>T	0;0	0;0	0;0	4;0	0;0
19:10111179_C>T	0;0	0;2	1;1	0;2	0;0
19:10115101_A>G	1;1	0;1	0;4	0;0	3;8
19:10115580_A>G	3;2	2;4	2;5	1;3	4;7
19:10259814_T>A	1;0	0;3	0;0	1;1	1;3
19:10259866_C>T	1;2	1;4	1;0	1;2	1;4
19:10391426_C>T	1;0	0;3	0;0	0;2	2;4
19:16102844_A>C	3;4	5;3	3;2	7;7	0;2
19:16102851_T>C	1;6	3;6	4;1	5;5	0;2
19:16102852_A>C	3;4	5;4	4;1	3;7	1;1
19:16102854_T>C	4;3	3;6	5;0	6;4	0;2
19:16646735_T>C	0;3	1;6	1;2	0;2	0;3
19:18307124_A>G	6;0	5;0	5;0	8;1	5;0
19:18388970_A>G	4;1	5;5	3;5	4;9	2;1
19:18389005_G>C	5;1	5;5	5;5	3;8	4;1
19:18389048_T>C	6;0	7;4	4;3	3;5	4;1
19:18575154_G>T	25;9	26;10	24;12	23;5	30;15
19:18592267_T>C	5;1	1;1	3;2	3;5	1;1
19:19119673_T>C	0;0	0;0	0;0	0;0	1;2
19:19177092_T>C	0;1	0;1	1;1	0;2	0;1
19:29207385_G>A	2;0	4;0	3;0	2;1	2;0
19:35279628_T>C	6;0	2;0	4;1	3;0	1;0
19:37340814_A>G	2;0	1;0	1;0	0;0	0;0
19:40447792_C>T	0;0	0;0	0;0	1;0	2;4
19:40796801_C>T	0;0	0;2	2;3	3;2	3;0
19:41386584_G>A	0;0	2;1	3;0	1;0	0;0
19:43460936_T>C	3;2	1;0	0;1	2;0	4;2
19:47755460_A>G	1;2	0;5	0;0	0;2	1;3
19:47755515_G>A	2;5	2;6	2;1	6;9	8;5
19:49492279_G>A	2;1	5;0	1;1	3;3	6;2
19:49492300_T>C	0;0	1;1	2;0	4;0	4;0
19:49492305_G>A	0;0	0;1	1;0	3;0	3;1
19:49659652_C>G	2;0	0;0	0;0	0;0	2;2
19:49933723_G>A	2;2	0;1	0;0	1;0	0;0
19:50506116_C>T	7;1	11;0	12;0	16;0	4;1
19:50797899_A>C	3;0	2;0	1;0	2;0	2;1
19:55453097_T>C	2;2	5;3	1;6	0;9	1;1
19:55453187_C>A	1;3	4;4	0;5	5;8	4;4
2:9271111_A>T	0;0	5;5	1;2	1;0	2;2
2:24947620_T>C	0;0	0;0	1;1	0;0	0;0
2:27444053_T>G	2;0	3;1	3;0	0;0	0;0
2:32396950_A>G	0;0	1;0	0;1	1;0	2;1
2:32396962_A>G	0;0	1;0	0;0	1;0	2;1
2:32396975_A>G	0;0	1;0	0;0	0;0	2;1
2:32396980_A>G	0;0	1;0	0;0	0;0	2;1
2:53958004_A>G	2;1	0;0	0;1	2;2	0;0
2:62135860_T>C	1;0	1;5	1;1	1;0	2;3
2:69901502_T>C	0;0	0;0	0;0	1;1	0;0
2:70297445_G>A	1;4	0;2	4;2	2;2	2;1
2:73729997_A>G	0;0	2;2	0;0	1;2	3;4
2:73958749_A>T	2;2	2;1	1;4	2;4	2;3
2:85581748_C>T	3;2	2;5	5;4	2;6	4;3
2:85581859_T>C	20;19	16;23	8;12	15;8	9;10
2:105398072_A>G	1;1	0;0	0;0	1;0	0;0
2:112588903_G>A	5;4	5;4	5;8	10;7	2;1
2:131484131_C>T	13;3	8;2	5;3	18;11	7;1
2:131484158_T>C	12;1	7;1	4;2	17;8	6;2
2:149569848_T>C	2;1	0;1	2;1	3;2	2;3
2:171517239_G>A	1;0	0;0	2;0	5;1	5;0
2:180872704_T>C	146;10	58;4	92;9	82;4	29;0
2:200389233_A>G	1;2	1;2	1;0	4;1	2;1
2:203191318_T>C	7;0	3;1	3;0	11;4	5;1
2:203191319_G>A	7;4	3;4	3;0	13;8	5;3
2:203191336_G>A	0;4	0;4	0;2	0;9	0;3
2:203488403_G>A	1;3	0;0	0;0	0;0	1;0
2:216501463_C>A	10;1	5;3	7;3	3;1	5;1
2:218249847_G>A	4;2	2;3	3;4	6;3	2;0
2:238238395_C>G	0;0	0;0	0;0	1;2	0;3
20:1369114_G>A	4;0	8;0	4;0	3;0	2;1
20:18763739_T>C	3;2	1;1	1;0	3;3	2;0
20:24932866_T>C	1;1	1;1	0;0	1;3	0;5
20:32293131_A>G	1;1	0;0	0;0	0;0	0;0
20:32398856_G>A	6;0	11;5	7;11	26;1	8;3
20:32398862_G>T	6;0	16;0	18;0	22;5	11;0
20:32398889_G>A	6;0	11;5	8;1	26;1	11;0
20:32398889_G>T	6;0	11;0	8;9	26;0	11;0
20:38077098_A>G	0;2	0;0	0;1	1;2	2;2
20:45367240_T>G	0;0	0;0	0;0	0;2	0;0
20:59034535_A>G	1;8	1;3	1;2	0;3	1;3
20:59035004_C>A	5;1	9;1	6;3	9;3	9;8
20:62799899_A>C	1;4	1;3	1;2	3;5	4;1
20:63095708_C>G	1;0	0;1	7;3	0;0	0;0
20:63521941_G>C	5;28	5;29	6;23	7;37	3;16
20:64032933_G>A	1;0	2;0	3;0	2;0	4;1
21:40383060_C>G	1;0	0;0	1;0	1;1	1;0
21:40383066_T>C	39;1	26;0	37;0	37;1	13;1
21:40383168_A>G	31;0	23;1	36;0	17;0	11;0
21:46649785_T>C	5;2	7;0	18;0	15;0	6;0
22:20127203_T>G	1;1	1;2	2;0	0;3	2;2
22:21644186_G>A	33;0	15;0	36;0	29;0	19;1
22:24568160_T>C	2;1	5;3	1;1	0;1	2;3
22:41459908_A>C	1;1	3;2	0;0	2;1	1;1
3:37053168_A>G	0;0	3;0	0;0	1;1	0;0
3:40462275_G>A	5;0	12;1	8;0	2;2	11;1
3:40462277_C>A	4;0	10;1	5;2	2;2	7;4
3:51389119_G>A	5;0	30;2	4;1	8;1	18;0
3:53885172_C>A	0;0	2;2	0;0	0;0	1;0
3:61742424_G>T	2;6	1;9	6;11	2;4	5;10
3:128081140_A>C	1;0	0;0	0;0	0;0	1;2
3:128620110_T>C	2;0	0;2	1;2	1;0	0;0
3:128620228_A>G	1;0	0;0	0;0	1;0	4;0
3:129314893_T>C	0;0	2;0	1;0	0;0	6;18
3:129315014_G>A	0;0	0;0	0;0	1;1	3;13
3:141925932_G>C	0;0	1;1	1;1	2;0	1;2
3:149027449_A>G	2;1	0;2	1;2	4;2	1;2
3:150566025_C>A	0;0	0;0	1;1	0;1	0;1
3:161344801_A>G	0;0	2;0	1;2	0;0	0;0
3:161344843_T>C	0;2	2;5	1;7	0;4	0;0
3:161345060_G>A	0;0	4;4	3;12	0;6	1;0
3:188232784_G>A	3;1	0;4	0;2	3;5	0;0
4:2042401_C>T	0;4	0;1	0;2	1;6	0;1
4:2250474_C>T	1;2	2;1	3;1	10;2	1;1
4:25929703_G>A	1;1	1;1	3;1	3;4	3;2
4:39551555_A>G	4;2	5;0	7;2	0;0	2;1
4:48861046_A>G	0;2	2;2	0;1	0;1	1;1
4:48885387_G>T	0;0	2;3	0;0	2;1	0;0
4:61869339_C>T	63;0	80;2	118;1	51;2	26;6
4:61869349_A>T	63;0	82;0	117;2	44;9	24;7
4:61869352_A>T	59;3	82;0	117;2	52;0	27;5
4:61869355_T>C	62;0	76;4	117;1	53;0	27;5
4:61869356_T>G	56;7	82;0	119;0	50;3	29;1
4:61869357_G>C	60;3	81;0	116;2	51;0	27;5
4:61869362_G>T	63;0	75;0	116;2	42;9	25;7
4:61869364_C>A	24;24	62;14	90;16	38;8	25;1
4:61869364_C>T	24;15	62;5	90;13	38;6	25;6
4:61869365_G>A	59;1	81;1	112;4	51;2	17;10
4:61869370_G>A	56;7	78;3	103;14	46;4	30;1
4:61869373_T>C	31;31	52;29	83;35	21;31	22;9
4:61869380_T>C	51;7	46;31	98;19	29;21	11;19
4:77048097_C>T	8;1	2;1	5;0	8;5	3;0
4:78610154_C>T	1;0	1;3	0;0	0;1	0;2
4:82354151_C>T	0;0	0;0	1;1	1;0	0;0
4:88521107_C>T	4;0	4;0	2;0	4;1	0;0
4:90838719_C>T	0;0	0;0	0;0	1;2	0;0
4:101348727_C>T	3;1	4;0	1;0	3;0	1;0
4:108667436_T>G	1;0	2;0	1;0	3;0	1;1
4:165342924_A>G	3;1	1;0	0;0	2;0	1;0
5:442199_C>T	1;1	1;0	0;0	0;0	1;0
5:1798532_A>G	4;0	6;0	3;0	7;0	10;0
5:10759879_T>C	0;0	0;0	0;0	2;1	0;0
5:10759893_T>C	0;0	0;0	0;0	2;2	0;0
5:10759948_T>C	0;0	0;0	0;0	3;2	0;0
5:10760005_T>C	0;0	0;0	0;0	2;1	0;0
5:17822452_A>G	0;0	1;1	0;0	0;0	0;0
5:132371117_C>T	6;0	0;0	1;0	7;0	5;1
5:132866661_G>T	2;1	4;0	1;0	1;1	4;0
5:139683578_G>C	1;1	0;0	0;0	2;0	0;0
5:139683579_G>A	1;1	0;0	0;0	2;0	0;0
5:139683589_T>A	1;1	0;0	0;0	2;0	0;0
5:139683590_G>A	1;1	0;0	1;0	2;0	0;0
5:140245279_T>C	1;2	1;7	1;0	2;0	3;4
5:140245285_A>G	1;2	1;5	1;1	2;0	3;4
5:177306615_T>C	6;5	9;3	6;4	19;4	5;0
5:179823204_G>A	1;1	4;14	1;1	0;2	4;4
6:21598493_G>A	1;0	1;0	0;0	5;2	1;0
6:34246545_C>G	8;5	4;1	2;1	0;3	3;4
6:36602589_T>C	1;0	5;4	0;0	0;1	0;1
6:36602629_C>A	1;0	7;0	0;0	1;1	2;0
6:38676232_T>G	1;0	3;3	0;1	0;0	3;0
6:42126505_C>T	1;1	0;1	2;2	1;1	1;2
6:44113773_C>T	8;6	10;4	1;6	6;8	5;4
6:44113981_G>A	2;0	2;3	3;3	4;3	1;3
6:44253667_G>C	7;5	15;16	2;1	5;12	28;21
6:85665900_T>C	0;0	0;0	0;0	0;0	1;1
6:85678170_G>T	1;4	0;0	0;2	2;1	0;2
6:110967565_G>T	2;0	1;0	3;0	1;4	0;0
6:116277690_A>G	1;0	0;0	0;0	3;4	0;1
6:132814747_A>G	3;2	1;0	1;1	5;3	0;2
6:138092132_A>G	0;1	1;1	1;2	2;1	3;0
6:138092196_G>C	0;0	0;0	1;1	2;1	1;0
6:143679991_A>G	0;0	0;1	0;0	1;2	0;0
7:44212419_C>G	7;1	4;3	9;2	3;3	2;1
7:44834383_G>A	9;2	5;1	3;5	5;1	2;1
7:45100293_G>A	1;0	0;0	1;0	1;0	2;1
7:45100320_A>C	1;0	0;0	0;0	1;0	4;1
7:98291311_A>G	3;6	6;10	2;10	4;17	0;5
7:99396031_G>T	2;1	2;0	0;0	1;0	0;0
7:101314989_T>C	2;2	0;1	3;1	5;5	0;6
7:101315043_A>C	1;1	1;1	1;1	2;2	3;0
7:102473300_C>G	2;2	1;0	0;1	0;6	1;1
7:102473559_C>T	8;16	7;12	4;10	10;12	4;10
7:102555058_T>C	10;0	6;1	9;2	9;3	3;2
7:129299559_A>G	0;0	1;0	2;1	0;0	0;0
7:129299560_A>G	0;0	1;0	2;1	0;0	0;0
7:133034530_T>A	14;1	10;0	7;2	7;0	15;1
7:133034531_C>T	11;5	7;3	7;2	4;3	11;5
8:11838843_T>C	0;0	0;3	0;0	1;0	2;0
8:38388439_A>G	0;0	2;4	0;0	0;0	0;0
8:41510089_T>C	0;0	0;1	1;0	0;0	2;2
8:42907684_C>T	1;0	1;1	0;0	1;0	1;0
8:73874170_G>T	99;12	242;77	214;23	175;13	52;17
8:73874172_C>G	111;0	332;0	236;0	189;0	72;0
8:73874175_T>G	99;12	268;75	222;18	188;11	56;17
8:73874195_G>C	99;12	258;75	221;18	187;12	55;17
8:73874197_C>T	102;9	292;50	204;23	175;17	70;2
8:73874202_C>T	87;21	228;105	172;48	172;24	44;22
8:73874206_C>T	97;10	275;53	187;35	160;32	56;13
8:73874207_G>A	105;6	317;26	189;45	182;16	70;3
8:119243529_T>C	25;0	19;0	27;1	18;0	2;0
8:120395956_T>C	1;2	1;3	1;0	1;0	2;2
8:123015388_T>C	0;1	2;5	0;3	0;2	2;5
8:127860562_A>G	2;0	1;0	0;0	3;1	0;0
8:127932644_G>A	1;0	1;0	0;0	2;1	2;0
8:128021500_A>G	2;0	2;1	0;0	3;0	0;0
8:143580183_G>A	9;10	15;14	7;11	21;14	11;14
8:143993299_G>T	4;3	3;2	1;1	4;3	1;0
8:144107469_C>T	4;4	0;1	2;1	4;4	2;3
9:110244140_A>G	15;49	28;95	14;68	18;77	33;65
9:113351966_C>T	0;0	0;0	6;3	0;0	0;0
9:122144177_C>T	2;4	2;3	4;2	4;3	2;10
9:123104768_C>T	1;0	1;1	2;0	0;0	1;0
9:124351381_A>G	1;2	0;2	1;0	1;0	0;0
9:133058374_C>T	1;0	1;0	0;1	0;1	2;3
9:133360384_G>A	1;5	1;5	1;1	3;3	0;6
9:133362957_C>G	0;0	0;2	2;1	1;2	0;0
9:136673235_G>A	5;4	1;1	1;3	1;3	3;1
9:136724914_C>G	1;3	5;0	2;0	1;2	6;2
9:137039655_G>A	2;8	7;8	4;7	9;6	1;8
9:137226136_G>C	2;0	2;0	0;0	4;0	3;1
X:23783898_T>C	13;0	10;0	12;1	40;0	9;0
X:154053929_A>G	0;0	0;0	0;0	1;1	1;0
