CHROM	POS	REF	ALT	AlignedReads	SNPCountForward	SNPCountReverse	RefCountForward	RefCountReverse	SNPCount	RefCount	GoodReads	%BadRead	HomoVarSc	HetSc	HomoRefSc	VarDomSc	RefDomSc	OtherCountForward	OtherCountReverse	OtherCount	NotHomoVarpV	NotHomoRefpV	NotHetpV	VarDompV	RefDompV	NotHomoVarFDR	NotHomoRefFDR	NotHetFDR	VarDomFDR	RefDomFDR	RemovedDuplicateReads	FilteredSNPLociReads	SNPLociReads	Alignment:IsDuplicate	Alignment:IsQCFail	Alignment:IsSecondary	Alignment:IsUnmapped	BadCIGAROperation	BadRead	GapInQueryAtSNPLocus	MappingQualityTooLow	MultipleAlignments	QueryIndelAtSNPLocus	SNPLocusAtEndOfRead	SubstitutionNearSNPLocus	TooManyEdits	TooManyEditsOtherThanSNP	TooManyQueryGaps	TooShort
1	7890010	A	G	example-SDNA	0	0	95	79	0	174	174	21.266968325791854	0.0	0.0	100.0	0.0	100.0	0	0	0	0.0	1.0	4.1761948595190066e-53	1.0	4.1761948595190066e-53	0.0	1	2.1601007894063826e-52	1	2.1601007894063826e-52	0	174	221	0	0	0	0	34	0	0	0	0	0	8	1	3	0	0	1
1	7890010	A	G	example-NRNA	31	4	57	39	35	96	132	27.47252747252747	0.0	30.218979083483276	0.0	0.0	69.78102091651672	1	0	1	1.4577120066088502e-172	1.9761549076646746e-43	4.6976586058444669e-08	1.0	4.6976586058444669e-08	2.0824457237269289e-171	8.8484548104388422e-43	1.0517146132487613e-07	1	1.0517146132487613e-07	0	132	182	0	0	0	0	0	0	3	39	0	0	10	0	0	1	0	0
1	7890010	A	G	example-GDNA	0	0	15	22	0	37	37	13.953488372093023	0.0	0.0	100.0	0.0	100.0	0	0	0	9.8287819507505136e-71	1.0	7.2759576141834275e-12	1.0	7.2759576141834275e-12	5.8972691704503085e-70	1	1.8342750287857379e-11	1	1.8342750287857379e-11	0	37	43	0	0	0	0	2	0	0	0	0	0	1	0	2	0	0	1
1	7890010	A	G	example-TRNA	11	1	19	8	12	27	39	31.57894736842105	0.0	83.12843020970887	0.0	0.0	16.871569790291137	0	0	0	7.2052300244684542e-43	3.1179564959548553e-14	0.011851351235236512	1.0	0.011851351235236512	3.1787779519713768e-42	8.6609902665412644e-14	0.020551476130467941	1	0.020551476130467941	0	39	57	0	0	0	0	0	0	0	14	0	0	2	1	0	1	0	0
1	36886117	C	T	example-SDNA	21	18	1	1	39	2	41	4.651162790697675	81.70139098728413	0.0	0.0	90.23022986841087	0.0	0	0	0	0.082320410038196276	2.8738934880750021e-73	3.9199221646413212e-10	3.9199221646413212e-10	1.0	0.14031888074692547	1.834400098771278e-72	9.4836826563902921e-10	9.4836826563902921e-10	1	0	41	43	0	0	0	0	0	0	0	0	0	0	0	0	1	1	0	0
1	36886117	C	T	example-NRNA	17	14	11	11	31	22	53	30.263157894736842	0.0	93.47696504799792	0.0	6.5230349520020825	0.0	0	0	0	4.3345477293724418e-31	1.9835957085186567e-49	0.13583958303275159	0.13583958303275159	1.0	1.5480527604901579e-30	9.7553887304196236e-49	0.22268784103729766	0.22268784103729766	1	0	53	76	0	0	0	0	0	0	2	4	0	0	5	0	0	1	13	0
1	36886117	C	T	example-GDNA	61	31	70	53	92	123	215	15.019762845849803	0.0	85.40601329620749	0.0	0.0	14.59398670379251	0	0	0	9.6507926693062096e-263	5.2032116661065631e-181	0.020254341286598559	1.0	0.020254341286598559	2.4126981673265522e-261	7.8048174991598448e-180	0.03472172791988324	1	0.03472172791988324	0	215	253	0	0	0	0	22	0	0	0	0	0	11	1	1	2	0	1
1	36886117	C	T	example-TRNA	8	4	0	0	12	0	12	40.0	33.44753707790743	0.0	0.0	33.44753707790743	0.0	0	0	0	1.0	4.3062934761648682e-18	0.000244140625	0.000244140625	1.0	1	1.266556904754373e-17	0.00045211226851851852	0.00045211226851851852	1	0	12	20	0	0	0	0	0	0	0	1	0	0	0	1	0	0	6	0
5	31423007	T	C	example-SDNA	22	24	6	5	46	11	57	6.557377049180328	0.0	45.17189528784465	0.0	54.82810471215535	0.0	0	0	0	2.0879156292855171e-12	8.3110839886797299e-85	1.6559423811901559e-06	1.6559423811901559e-06	1.0	5.494514813909255e-12	5.9364885633426635e-84	3.2899517507089191e-06	3.2899517507089191e-06	1	0	57	61	0	0	0	0	0	0	0	0	0	0	1	0	1	2	0	0
5	31423007	T	C	example-NRNA	5	31	3	30	36	33	69	22.471910112359552	0.0	97.79501995796673	0.0	2.204980042033276	0.0	0	0	0	3.902569672279688e-52	1.3905159577916928e-58	0.40497452645946203	0.40497452645946203	1.0	1.9512848361398439e-51	7.584632497045598e-58	0.6018690287773244	0.6018690287773244	1	0	69	89	0	0	0	0	0	0	0	3	0	0	0	1	0	0	16	0
5	31423007	T	C	example-GDNA	46	115	24	60	161	84	245	12.811387900355871	0.0	40.092687484359786	0.0	59.907312515640214	0.0	0	0	0	5.2920068225207088e-160	0.0	4.9375953564417406e-07	4.9375953564417406e-07	1.0	6.6150085281508862e-159	0.0	1.0215714530569119e-06	1.0215714530569119e-06	1	0	245	281	0	0	0	0	21	0	0	0	0	0	4	1	4	6	0	0
5	31423007	T	C	example-TRNA	4	33	0	0	37	0	37	22.916666666666668	100.0	0.0	0.0	100.0	0.0	0	0	0	1.0	9.8287819507505136e-71	7.2759576141834275e-12	7.2759576141834275e-12	1.0	1	5.8972691704503085e-70	1.8342750287857379e-11	1.8342750287857379e-11	1	0	37	48	0	0	0	0	0	0	0	2	0	0	1	3	0	0	5	0
6	57512678	G	A	example-SDNA	8	39	14	47	47	61	108	40.0	0.0	92.47038356951802	0.0	0.0	7.529616430481979	0	0	0	1.0584145776485005e-112	6.192908571267778e-80	0.10538289698939116	1.0	0.10538289698939116	9.338952155722064e-112	4.1286057141785188e-79	0.17661938042914718	1	0.17661938042914718	0	108	180	0	0	0	0	10	0	0	0	0	0	7	0	32	23	0	0
6	57512678	G	A	example-NRNA	14	6	0	0	20	0	20	47.36842105263158	57.16664926972235	0.0	0.0	57.16664926972235	0.0	0	0	0	1.0	1.3519059214026471e-33	9.5367431640625e-07	9.5367431640625e-07	1.0	1	5.1996381592409503e-33	1.9201496303481546e-06	1.9201496303481546e-06	1	0	20	38	0	0	0	0	0	0	0	0	0	0	4	0	0	14	0	0
6	57512678	G	A	example-GDNA	41	99	34	202	140	236	376	42.943854324734446	0.0	39.534029887789686	0.0	0.0	60.465970112210314	0	0	0	0.0	2.0248351259274473e-297	4.2218310215227536e-07	1.0	4.2218310215227536e-07	0.0	5.5222776161657651e-296	8.9826191947292631e-07	1	8.9826191947292631e-07	0	376	659	0	0	0	0	45	0	0	0	0	0	22	7	97	110	0	2
6	57512678	G	A	example-TRNA	9	21	0	0	30	0	30	46.42857142857143	86.54149160317334	0.0	0.0	86.54149160317334	0.0	0	0	0	1.0	6.5253044679985274e-55	9.3132257461547893e-10	9.3132257461547893e-10	1.0	1	3.4956988221420682e-54	2.2174347014654258e-09	2.2174347014654258e-09	1	0	30	56	0	0	0	0	0	0	0	0	0	0	5	0	0	21	0	0
9	87366922	G	A	example-SDNA	35	47	58	60	82	118	200	7.407407407407407	0.0	80.6137164786139	0.0	0.0	19.38628352138611	0	0	0	8.1036441611972905e-251	5.0171087357413499e-157	0.006565177970265278	1.0	0.006565177970265278	1.7364951773994193e-249	6.0205304828896194e-156	0.011517856088184699	1	0.011517856088184699	0	200	216	0	0	0	0	8	0	0	0	0	0	7	0	0	1	0	0
9	87366922	G	A	example-NRNA	0	0	91	14	0	105	105	81.64335664335664	0.0	0.0	100.0	0.0	100.0	0	0	0	2.025600513042127e-245	1.0	2.4651903288156619e-32	1.0	2.4651903288156619e-32	3.7980009619539881e-244	1	9.018989007862178e-32	1	9.018989007862178e-32	0	105	572	0	0	0	0	0	0	0	11	0	0	33	2	0	0	421	0
9	87366922	G	A	example-GDNA	0	0	276	186	0	462	462	13.966480446927374	0.0	0.0	100.0	0.0	100.0	0	0	0	0.0	1.0	8.3973451344583118e-140	1.0	8.3973451344583118e-140	0.0	1	8.9971555012053341e-139	1	8.9971555012053341e-139	0	462	537	0	0	0	0	52	0	0	0	0	0	18	2	2	0	0	1
9	87366922	G	A	example-TRNA	2	2	15	2	4	17	21	75.5813953488372	0.0	5.536856216360324	0.0	0.0	21.946210088462177	0	0	0	2.9795222662270521e-25	0.0009937761870797493	0.0035986900329589852	1.0	0.0035986900329589852	9.8226008776716012e-25	0.0017852266833767953	0.0063882071590987905	1	0.0063882071590987905	0	21	86	0	0	0	0	0	0	0	3	0	0	6	0	0	1	55	0
10	81272814	G	C	example-SDNA	12	33	14	37	45	51	96	33.333333333333336	0.0	96.67003467796573	0.0	0.0	3.32996532203427	0	0	0	5.3066406866738702e-90	2.9212705104221068e-76	0.30503413305258859	1.0	0.30503413305258859	4.0820312974414389e-89	1.9051764198405043e-75	0.46451898434404354	1	0.46451898434404354	0	96	144	0	0	0	0	29	0	0	12	0	0	4	0	3	0	0	0
10	81272814	G	C	example-NRNA	0	0	64	214	0	278	279	66.34499396863691	0.0	0.0	100.0	0.0	100.0	0	1	1	0.0	1.0	2.0590230357870808e-84	1.0	2.0590230357870808e-84	0.0	1	1.4038793425821007e-83	1	1.4038793425821007e-83	0	279	829	0	0	0	0	1	0	0	441	0	0	104	4	0	0	0	0
10	81272814	G	C	example-GDNA	7	11	5	20	18	25	44	24.137931034482758	0.0	94.56387307368188	0.0	0.0	5.43612692631812	0	1	1	2.5447927204983723e-30	7.0500952584982438e-19	0.18018882646788364	1.0	0.18018882646788364	8.7751473120633528e-30	2.1804418325252299e-18	0.28601401026648199	1	0.28601401026648199	0	44	58	0	0	0	0	3	0	0	8	0	0	1	0	1	1	0	0
10	81272814	G	C	example-TRNA	0	0	67	257	0	324	326	63.53467561521253	0.0	0.0	100.0	0.0	100.0	1	1	2	0.0	1.0	2.926047721683019e-98	1.0	2.926047721683019e-98	0.0	1	2.3724711256889339e-97	1	2.3724711256889339e-97	0	326	894	0	0	0	0	0	0	0	464	0	0	97	6	0	1	0	0
11	11373925	A	C	example-SDNA	31	21	0	0	52	0	52	62.043795620437955	100.0	0.0	0.0	100.0	0.0	0	0	0	1.0	1.8279516936862688e-106	2.2204460492503128e-16	2.2204460492503128e-16	1.0	1	1.5668157374453733e-105	6.4051328343759021e-16	6.4051328343759021e-16	1	0	52	137	0	0	0	0	9	0	0	0	0	0	1	8	17	49	0	1
11	11373925	A	C	example-NRNA	43	15	0	0	58	0	58	70.25641025641026	100.0	0.0	0.0	100.0	0.0	0	0	0	1.0	2.5555696937660381e-121	3.4694469519536142e-18	3.4694469519536142e-18	1.0	1	2.3958465879056607e-120	1.0305287976099844e-17	1.0305287976099844e-17	1	0	58	195	0	0	0	0	0	0	0	9	0	0	27	5	0	96	0	0
11	11373925	A	C	example-GDNA	14	8	0	0	22	0	22	54.166666666666664	62.8225921704433	0.0	0.0	62.8225921704433	0.0	0	0	0	1.0	1.0296574774863781e-37	2.384185791015625e-07	2.384185791015625e-07	1.0	1	4.2314690855604579e-37	5.2208447978444343e-07	5.2208447978444343e-07	1	0	22	48	0	0	0	0	0	0	0	0	0	0	2	2	2	20	0	0
11	11373925	A	C	example-TRNA	35	23	0	0	58	0	58	70.10309278350516	100.0	0.0	0.0	100.0	0.0	0	0	0	1.0	2.5555696937660381e-121	3.4694469519536142e-18	3.4694469519536142e-18	1.0	1	2.3958465879056607e-120	1.0305287976099844e-17	1.0305287976099844e-17	1	0	58	194	0	0	0	0	0	0	62	3	0	0	18	2	0	113	0	0
11	11373960	C	T	example-SDNA	17	21	40	37	38	77	115	36.46408839779006	0.0	65.17276139894969	0.0	0.0	34.82723860105031	0	0	0	1.2198701657388368e-152	2.6060343194415887e-60	0.00017549908956863774	1.0	0.00017549908956863774	1.407542498929427e-151	1.5329613643774054e-59	0.00032906079294119577	1	0.00032906079294119577	0	115	181	0	0	0	0	20	0	0	1	0	0	14	0	18	13	0	0
11	11373960	C	T	example-NRNA	133	38	2	0	171	2	173	22.767857142857142	91.74898908367493	0.0	0.0	100.0	0.0	0	0	0	0.088257357469162537	0.0	1.2572017005096465e-48	1.2572017005096465e-48	1.0	0.14958874147315684	0.0	5.8931329711389672e-48	5.8931329711389672e-48	1	0	173	224	0	0	0	0	0	0	0	14	0	0	2	33	0	2	0	0
11	11373960	C	T	example-GDNA	7	12	14	11	19	25	44	25.423728813559322	0.0	95.49601004898531	0.0	0.0	4.503989951014693	0	0	0	9.2785530912910728e-38	5.2994303919164826e-26	0.22569041619806271	1.0	0.22569041619806271	3.8660637880379472e-37	1.7664767973054942e-25	0.354487564708999	1	0.354487564708999	0	44	59	0	0	0	0	0	0	0	1	0	0	3	0	2	9	0	0
11	11373960	C	T	example-TRNA	146	50	0	0	196	0	196	14.410480349344978	100.0	0.0	0.0	100.0	0.0	0	0	0	1.0	0.0	9.9568244445787155e-60	9.9568244445787155e-60	1.0	1	0.0	5.6359383648558764e-59	5.6359383648558764e-59	1	0	196	229	0	0	0	0	0	0	62	8	0	0	6	15	0	4	0	0
11	64575553	G	A	example-SDNA	0	10	1	7	10	8	18	33.333333333333336	0.0	76.85863889516173	0.0	2.204980042033276	0.0	0	0	0	5.334657747273125e-09	3.4724735146237596e-12	0.40726470947265619	0.40726470947265619	1.0	1.240618080761192e-08	9.0586265598880696e-12	0.6018690287773244	0.6018690287773244	1	0	18	27	0	0	0	0	9	0	0	0	0	0	0	0	0	0	0	0
11	64575553	G	A	example-NRNA	0	0	12	32	0	44	44	69.01408450704226	0.0	0.0	100.0	0.0	100.0	0	0	0	3.9204470878594906e-87	1.0	5.6843418860808015e-14	1.0	5.6843418860808015e-14	2.8686198203849928e-86	1	1.522591576628786e-13	1	1.522591576628786e-13	0	44	142	0	0	0	0	8	0	0	8	0	0	17	0	0	1	64	0
11	64575553	G	A	example-GDNA	0	0	0	15	0	15	15	50.0	0.0	0.0	42.369857671944786	0.0	42.369857671944786	0	0	0	1.066144926023537e-23	1.0	3.0517578125e-05	1.0	3.0517578125e-05	3.4391771807210869e-23	1	5.7944768591772149e-05	1	5.7944768591772149e-05	0	15	30	0	0	0	0	15	0	0	0	0	0	0	0	0	0	0	0
11	64575553	G	A	example-TRNA	0	9	1	5	9	6	15	68.08510638297872	0.0	49.636235282089665	0.0	3.32996532203427	0.0	0	0	0	2.5760252503323282e-06	7.0183851572159515e-11	0.30361938476562506	0.30361938476562506	1.0	5.0510299026124081e-06	1.7545962893039879e-10	0.46451898434404354	0.46451898434404354	1	0	15	47	0	0	0	0	0	0	0	4	0	0	3	0	0	0	25	0
13	46090371	A	G	example-SDNA	0	0	28	46	0	74	74	3.896103896103896	0.0	0.0	100.0	0.0	100.0	0	0	0	3.4960246979905627e-162	1.0	5.2939559203393771e-23	1.0	5.2939559203393771e-23	4.5600322147702991e-161	1	1.6717755537913823e-22	1	1.6717755537913823e-22	0	74	77	0	0	0	0	1	0	0	0	0	0	2	0	0	0	0	0
13	46090371	A	G	example-NRNA	13	11	6	16	24	22	46	47.72727272727273	0.0	98.0607960659106	0.0	1.9392039340894063	0.0	0	0	0	1.523279341770551e-31	1.684917344017937e-35	0.44149795606119779	0.44149795606119779	1.0	5.5058289461586186e-31	6.650989515860278e-35	0.63985211023361999	0.63985211023361999	1	0	46	88	0	0	0	0	2	0	0	1	0	0	0	1	0	0	38	0
13	46090371	A	G	example-GDNA	0	0	47	72	0	119	120	10.447761194029852	0.0	0.0	100.0	0.0	100.0	0	1	1	6.292407564117642e-247	1.0	1.5046327690525283e-36	1.0	1.5046327690525283e-36	1.2584815128235284e-245	1	6.0185310762101134e-36	1	6.0185310762101134e-36	0	120	134	0	0	0	0	11	0	0	0	0	0	3	0	0	0	0	0
13	46090371	A	G	example-TRNA	1	5	2	6	6	8	14	57.57575757575758	0.0	51.2736029267653	0.0	0.0	2.2484492090444457	0	0	0	2.3068302729618341e-09	2.2517341770895608e-06	0.39526367187500022	1.0	0.39526367187500022	5.4492053692011829e-09	4.4442121916241324e-06	0.5958748822236184	1	0.5958748822236184	0	14	33	0	0	0	0	2	0	0	0	0	0	0	0	0	0	17	0
14	74340797	A	T	example-SDNA	16	12	4	4	28	8	36	12.195121951219512	0.0	43.832045581163	0.0	29.620237073352797	0.0	0	0	0	1.957013547713032e-08	5.9384626194599049e-46	0.00059662148123607083	0.00059662148123607083	1.0	4.516185110106997e-08	2.6993011906635933e-45	0.0010913807583586661	0.0010913807583586661	1	0	36	41	0	0	0	0	0	0	0	0	0	0	4	0	0	1	0	0
14	74340797	A	T	example-NRNA	15	16	15	18	31	33	64	26.436781609195403	0.0	98.10502591642904	0.0	0.0	1.8949740835709619	0	0	0	1.483952523184764e-52	2.5489500498970598e-48	0.45032662312601618	1.0	0.45032662312601618	7.5455213043293082e-52	1.1764384845678738e-47	0.64640185137705664	1	0.64640185137705664	0	64	87	0	0	0	0	0	0	0	3	0	0	12	4	0	4	0	0
14	74340797	A	T	example-GDNA	14	12	18	13	26	31	57	24.0	0.0	96.66247597439482	0.0	0.0	3.3375240256051764	0	0	0	5.8302316142427808e-49	1.2819471843338093e-38	0.29832088018654118	1.0	0.29832088018654118	2.8210798133432809e-48	5.4166782436639837e-38	0.46371121272519356	1	0.46371121272519356	0	57	75	0	0	0	0	10	0	0	0	0	0	4	0	0	4	0	0
14	74340797	A	T	example-TRNA	20	24	0	0	44	0	44	26.666666666666668	100.0	0.0	0.0	100.0	0.0	0	0	0	1.0	3.9204470878594906e-87	5.6843418860808015e-14	5.6843418860808015e-14	1.0	1	2.8686198203849928e-86	1.522591576628786e-13	1.522591576628786e-13	1	0	44	60	0	0	0	0	0	0	0	1	0	0	10	1	0	4	0	0
16	71487206	T	C	example-SDNA	5	6	7	5	11	12	23	30.303030303030305	0.0	98.47711655616943	0.0	0.0	1.5228834438305658	0	0	0	4.5122471985925069e-15	2.2180468232566349e-13	0.49999999999999994	1.0	0.49999999999999994	1.2770510939412755e-14	5.8886198847521284e-13	0.7042253521126759	1	0.7042253521126759	0	23	33	0	0	0	0	8	0	0	0	0	0	1	0	0	0	0	1
16	71487206	T	C	example-NRNA	2	5	5	3	7	8	15	16.666666666666668	0.0	65.03176380081902	0.0	0.0	1.5228834438305658	0	0	0	2.9940829054663203e-09	9.9482751683973614e-08	0.49999999999999983	1.0	0.49999999999999983	7.017381809686688e-09	2.2107278151994136e-07	0.7042253521126759	1	0.7042253521126759	0	15	18	0	0	0	0	0	0	0	1	0	0	0	2	0	0	0	0
16	71487206	T	C	example-GDNA	29	36	21	33	65	54	119	17.36111111111111	0.0	94.56387307368188	0.0	5.43612692631812	0.0	0	0	0	4.2245273902218667e-95	2.6480904817566916e-121	0.17967913195255539	0.17967913195255539	1.0	3.3351532028067371e-94	2.4073549834151741e-120	0.28601401026648199	0.28601401026648199	1	0	119	144	0	0	0	0	22	0	0	0	0	0	1	0	1	1	0	0
16	71487206	T	C	example-TRNA	0	0	3	7	0	10	10	9.090909090909092	0.0	0.0	27.53286789960204	0.0	27.53286789960204	0	0	0	1.5772029579086489e-14	1.0	0.0009765625	1.0	0.0009765625	4.422064367968174e-14	1	0.0017648719879518073	1	0.0017648719879518073	0	10	11	0	0	0	0	0	0	0	0	0	0	1	0	0	0	0	0
17	21217513	G	A	example-SDNA	2	4	5	7	6	12	18	47.05882352941177	0.0	44.6146612694162	0.0	0.0	7.0522113124836086	0	0	0	9.6191256137413497e-16	3.4971334717415366e-06	0.11894226074218743	1.0	0.11894226074218743	2.7483216039261001e-15	6.8125976722237715e-06	0.19714186863345984	1	0.19714186863345984	0	18	34	0	0	0	0	5	0	0	0	0	0	1	0	7	3	0	0
17	21217513	G	A	example-NRNA	0	0	42	92	0	134	134	5.633802816901408	0.0	0.0	100.0	0.0	100.0	0	0	0	0.0	1.0	4.5917748078995606e-41	1.0	4.5917748078995606e-41	0.0	1	1.9679034890998116e-40	1	1.9679034890998116e-40	0	134	142	0	0	0	0	1	0	0	2	0	0	5	0	0	0	0	0
17	21217513	G	A	example-GDNA	7	13	28	38	20	66	86	31.2	0.0	38.571878912762685	0.0	0.0	61.428121087237315	0	0	0	1.0226227184647521e-129	1.5724835649900723e-26	3.3348894114148211e-07	1.0	3.3348894114148211e-07	1.0226227184647522e-128	5.3005063988429399e-26	7.1976030462190384e-07	1	7.1976030462190384e-07	0	86	125	0	0	0	0	18	0	0	0	0	0	4	0	11	5	0	1
17	21217513	G	A	example-TRNA	0	0	50	59	0	109	109	6.837606837606837	0.0	0.0	100.0	0.0	100.0	0	0	0	1.7681771946243056e-256	1.0	1.5407439555097887e-33	1.0	1.5407439555097887e-33	4.0804089106714746e-255	1	5.7777898331617076e-33	1	5.7777898331617076e-33	0	109	117	0	0	0	0	0	0	0	0	0	0	8	0	0	0	0	0
19	54659124	G	A	example-SDNA	0	0	8	12	0	20	20	23.076923076923077	0.0	0.0	57.16664926972235	0.0	57.16664926972235	0	0	0	1.3519059214026471e-33	1.0	9.5367431640625e-07	1.0	9.5367431640625e-07	5.1996381592409503e-33	1	1.9201496303481546e-06	1	1.9201496303481546e-06	0	20	26	0	0	0	0	6	0	0	0	0	0	0	0	0	0	0	0
19	54659124	G	A	example-NRNA	0	0	24	76	0	100	100	12.280701754385966	0.0	0.0	100.0	0.0	100.0	0	0	0	1.0888881145395568e-231	1.0	7.8886090522101163e-31	1.0	7.8886090522101163e-31	1.921567260952159e-230	1	2.7518403670500408e-30	1	2.7518403670500408e-30	0	100	114	0	0	0	0	0	0	0	0	0	0	14	0	0	0	0	0
19	54659124	G	A	example-GDNA	0	0	6	26	0	32	32	33.333333333333336	0.0	0.0	92.42198437202484	0.0	92.42198437202484	0	0	0	2.2893637053100784e-59	1.0	2.3283064365386963e-10	1.0	2.3283064365386963e-10	1.2718687251722658e-58	1	5.7253436964066304e-10	1	5.7253436964066304e-10	0	32	48	0	0	0	0	16	0	0	0	0	0	0	0	0	0	0	0
19	54659124	G	A	example-TRNA	16	28	28	76	44	104	148	8.641975308641975	0.0	39.6882799198199	0.0	0.0	60.3117200801801	0	0	0	1.9338216660505043e-220	6.7522380539104964e-72	4.4365233818519771e-07	1.0	4.4365233818519771e-07	3.2230361100841741e-219	4.2201487836940605e-71	9.3073917101789732e-07	1	9.3073917101789732e-07	0	148	162	0	0	0	0	0	0	0	0	0	0	12	0	0	2	0	0
X	107159291	C	A	example-SDNA	47	50	91	98	97	189	286	12.0	0.0	28.150478459558613	0.0	0.0	71.84952154044139	0	0	0	0.0	2.2255426762279575e-190	2.8740910510504094e-08	1.0	2.8740910510504094e-08	0.0	3.5140147519388803e-189	6.5320251160236574e-08	1	6.5320251160236574e-08	0	286	325	0	0	0	0	11	0	0	0	0	0	16	5	3	4	0	0
X	107159291	C	A	example-NRNA	12	5	12	7	17	19	36	18.181818181818183	0.0	98.02826801772873	0.0	0.0	1.9717319822712605	0	0	0	1.2766398046694056e-26	7.2010093691433129e-23	0.43396970021421993	1.0	0.43396970021421993	4.3521811522820646e-26	2.250315427857285e-22	0.63507761006959018	1	0.63507761006959018	0	36	44	0	0	0	0	0	0	0	0	0	0	6	0	0	2	0	0
X	107159291	C	A	example-GDNA	45	42	30	43	87	73	160	15.343915343915343	0.0	93.91878647158522	0.0	6.081213528414773	0.0	0	0	0	2.0621403535996496e-137	1.5311443503323369e-172	0.15202993885770558	0.15202993885770558	1.0	2.1332486416548096e-136	2.0879241140895501e-171	0.2465350359854685	0.2465350359854685	1.0	0	160	189	0	0	0	0	11	0	0	0	0	0	11	0	3	4	0	0
X	107159291	C	A	example-TRNA	0	0	10	5	0	15	15	16.666666666666668	0.0	0.0	42.369857671944786	0.0	42.369857671944786	0	0	0	1.066144926023537e-23	1.0	3.0517578125e-05	1.0	3.0517578125e-05	3.4391771807210869e-23	1	5.7944768591772149e-05	1	5.7944768591772149e-05	0	15	18	0	0	0	0	0	0	0	0	0	0	3	0	0	0	0	0
