CHROM	POS	REF	ALT	AlignedReads	SNVCountForward	SNVCountReverse	RefCountForward	RefCountReverse	SNVCount	RefCount	GoodReads	%BadRead	R	HomoVarSc	HetSc	HomoRefSc	VarDomSc	RefDomSc	OtherCountForward	OtherCountReverse	OtherCount	NotHomoVarpV	NotHomoRefpV	NotHetpV	VarDompV	RefDompV	NotHomoVarFDR	NotHomoRefFDR	NotHetFDR	VarDomFDR	RefDomFDR	RemovedDuplicateReads	FilteredSNVLociReads	SNVLociReads	Alignment:IsDuplicate	Alignment:IsQCFail	Alignment:IsSecondary	Alignment:IsUnmapped	BadCIGAROperation	BadRead	GapInQueryAtSNVLocus	MappingQualityTooLow	MultipleAlignments	QueryIndelAtSNVLocus	SNVLocusAtEndOfRead	SubstitutionNearSNVLocus	TooManyEdits	TooManyEditsOtherThanSNV	TooManyQueryGaps	TooShort
1	7890010	A	G	example-SDNA	0	0	94	61	0	155	155	29.86425339366516	0.0	0.0	0.0	100.0	0.0	100.0	0	0	0	0.0	1.0	2.1895288505075262e-47	1.0	2.1895288505075262e-47	0.0	1	1.353526925768289e-46	1	1.353526925768289e-46	0	155	221	0	0	0	0	30	0	0	0	0	0	5	1	3	0	0	1
1	7890010	A	G	example-NRNA	32	4	54	29	36	83	119	19.594594594594593	0.3025210084033613	0.0	53.49781031498243	0.0	0.0	46.50218968501757	0	0	0	4.559641400774315e-168	4.140174658564747e-56	9.805920836875645e-06	1.0	9.805920836875645e-06	7.382276553634605e-167	2.8727742528816614e-55	2.2375926741863888e-05	1	2.2375926741863888e-05	0	119	148	0	0	0	0	0	0	3	20	0	0	7	0	0	0	0	0
1	7890010	A	G	example-GDNA	0	0	14	20	0	34	34	19.047619047619047	0.0	0.0	0.0	97.48863914319762	0.0	97.48863914319762	0	0	0	7.090798127430225e-64	1.0	5.820766091346742e-11	1.0	5.820766091346742e-11	5.24102470288321e-63	1	1.7829373613134165e-10	1	1.7829373613134165e-10	0	34	42	0	0	0	0	1	0	0	0	0	0	1	0	2	0	0	0
1	7890010	A	G	example-TRNA	12	1	16	8	13	24	37	22.916666666666668	0.35135135135135137	0.0	89.4676753974229	0.0	0.0	10.53232460257711	0	0	0	1.1791542144142694e-36	6.7574454441971745e-16	0.04943587479647248	1.0	0.04943587479647248	5.895771072071347e-36	2.418454158975831e-15	0.08846419700421392	1	0.08846419700421392	0	37	48	0	0	0	0	0	0	0	7	0	0	1	1	0	0	0	0
1	36886117	C	T	example-SDNA	21	16	1	1	37	2	39	9.30232558139535	0.9487179487179487	75.30999181679816	0.0	0.0	83.80497869202628	0.0	0	0	0	0.0819386155193005	1.1177127191019297e-68	1.4206307241693141e-09	1.4206307241693141e-09	1.0	0.14141689988102624	8.83772847661991e-68	4.163917639806611e-09	4.163917639806611e-09	1	0	39	43	0	0	0	0	0	0	0	0	0	0	0	0	1	0	0	0
1	36886117	C	T	example-NRNA	9	1	6	1	10	7	17	46.875	0.5882352941176471	0.0	61.417679045772424	0.0	3.113039251609915	0.0	0	0	0	1.3470775721924967e-07	2.6150022286361868e-12	0.3145294189453125	0.3145294189453125	1.0	3.5231259580419145e-07	8.309352876040219e-12	0.4883105134310788	0.4883105134310788	1	0	17	32	0	0	0	0	0	0	0	2	0	0	1	0	0	0	12	0
1	36886117	C	T	example-GDNA	62	26	70	45	88	115	203	18.473895582329316	0.43349753694581283	0.0	87.9897631466614	0.0	0.0	12.010236853338592	0	0	0	3.2796197687391503e-242	1.0787497015942967e-171	0.03388039674549072	1.0	0.03388039674549072	8.577467087471625e-241	1.930394202852952e-170	0.06294718521020133	1	0.06294718521020133	0	203	249	0	0	0	0	18	0	0	0	0	0	8	1	1	0	0	0
1	36886117	C	T	example-TRNA	3	0	0	0	3	0	3	66.66666666666667	1.0	6.726410656136696	0.0	0.0	6.726410656136696	0.0	0	0	0	1.0	0.0010000000000000002	0.125	0.125	1.0	1	0.0020118343195266275	0.2125	0.2125	1	0	3	9	0	0	0	0	0	0	0	0	0	0	0	1	0	0	4	0
5	31423007	T	C	example-SDNA	23	19	6	3	42	9	51	16.39344262295082	0.8235294117647058	0.0	30.427091162647372	0.0	53.82516358645515	0.0	0	0	0	1.2595066341542936e-09	2.4220031488672002e-76	1.6944139744623484e-06	1.6944139744623484e-06	1.0	3.756423294846139e-09	2.1114899246534564e-75	4.144609721706464e-06	4.144609721706464e-06	1	0	51	61	0	0	0	0	0	0	0	0	0	0	1	0	0	0	0	0
5	31423007	T	C	example-NRNA	2	28	1	23	30	24	54	12.903225806451612	0.5555555555555556	0.0	96.00135023210248	0.0	3.9986497678975135	0.0	0	0	0	7.138145651353377e-35	3.8016200098402094e-47	0.24830871765896703	0.24830871765896703	1.0	3.324615782822121e-34	2.3081264345458413e-46	0.398230962283249	0.398230962283249	1	0	54	62	0	0	0	0	0	0	0	0	0	0	0	0	0	0	8	0
5	31423007	T	C	example-GDNA	46	106	24	58	152	82	234	15.217391304347826	0.6495726495726496	0.0	48.25678363067378	0.0	51.74321636932622	0.0	0	0	0	1.442632911559046e-155	0.0	2.775994227397483e-06	2.775994227397483e-06	1.0	2.229523590591253e-154	0.0	6.693886789469108e-06	6.693886789469108e-06	1	0	234	276	0	0	0	0	20	0	0	0	0	0	2	1	1	0	0	0
5	31423007	T	C	example-TRNA	1	28	0	0	29	0	29	19.444444444444443	1.0	82.77572203260824	0.0	0.0	82.77572203260824	0.0	0	0	0	1.0	1.0486752169157842e-52	1.862645149230957e-09	1.862645149230957e-09	1.0	1	6.991168112771895e-52	5.277494589487712e-09	5.277494589487712e-09	1	0	29	36	0	0	0	0	0	0	0	0	0	0	1	1	0	0	5	0
6	57512678	G	A	example-SDNA	10	59	13	44	69	57	126	28.8135593220339	0.5476190476190477	0.0	94.31292737904963	0.0	5.68707262095037	0.0	0	0	0	1.4098184763144633e-101	1.8622559510459792e-130	0.16356148360838915	0.16356148360838915	1.0	1.4525402483239925e-100	2.532668093422532e-129	0.2699558467322928	0.2699558467322928	1	0	126	177	0	0	0	0	8	0	0	0	0	0	7	0	30	0	0	0
6	57512678	G	A	example-NRNA	4	14	0	0	18	0	18	10.0	1.0	50.48429007144381	0.0	0.0	50.48429007144381	0.0	0	0	0	1.0	1.4551915228366867e-29	3.814697265625e-06	3.814697265625e-06	1.0	1	6.343142535441968e-29	8.944807381465516e-06	8.944807381465516e-06	1	0	18	20	0	0	0	0	0	0	0	0	0	0	2	0	0	0	0	0
6	57512678	G	A	example-GDNA	50	189	32	198	239	230	469	27.73497688751926	0.509594882729211	0.0	97.26822388724555	0.0	2.731776112754449	0.0	0	0	0	0.0	0.0	0.35593388004478865	0.35593388004478865	1.0	0.0	0.0	0.5331168247366879	0.5331168247366879	1	0	469	649	0	0	0	0	40	0	0	0	0	0	21	5	82	0	0	1
6	57512678	G	A	example-TRNA	6	27	0	0	33	0	33	13.157894736842104	1.0	94.55589383352543	0.0	0.0	94.55589383352543	0.0	0	0	0	1.0	1.2934947773283676e-61	1.1641532182693481e-10	1.1641532182693481e-10	1.0	1	9.35719626152436e-61	3.5027618956776844e-10	3.5027618956776844e-10	1	0	33	38	0	0	0	0	0	0	0	0	0	0	5	0	0	0	0	0
9	87366922	G	A	example-SDNA	36	38	58	51	74	109	183	14.883720930232558	0.40437158469945356	0.0	80.57516300575786	0.0	0.0	19.424836994242145	0	0	0	2.420611570618811e-228	1.7012541241264312e-138	0.005875914018917304	1.0	0.005875914018917304	5.486719560069305e-227	2.410110009179111e-137	0.011416061522467906	1	0.011416061522467906	0	183	215	0	0	0	0	8	0	0	0	0	0	6	0	0	0	0	0
9	87366922	G	A	example-NRNA	0	0	14	0	0	14	14	92.70833333333333	0.0	0.0	0.0	38.81598109207904	0.0	38.81598109207904	0	0	0	8.470329472543003e-22	1.0	6.103515625e-05	1.0	6.103515625e-05	3.3102437019133577e-21	1	0.00013134147547468354	1	0.00013134147547468354	0	14	192	0	0	0	0	0	0	0	3	0	0	0	1	0	0	174	0
9	87366922	G	A	example-GDNA	0	0	272	145	0	417	417	19.961612284069098	0.0	0.0	0.0	100.0	0.0	100.0	0	0	0	0.0	1.0	2.954553157691658e-126	1.0	2.954553157691658e-126	0.0	1	3.7205484207969024e-125	1	3.7205484207969024e-125	0	417	521	0	0	0	0	45	0	0	0	0	0	10	2	1	0	0	1
9	87366922	G	A	example-TRNA	0	0	4	0	0	4	4	88.57142857142857	0.0	0.0	0.0	9.604427955438958	0.0	9.604427955438958	0	0	0	4.82253086419753e-05	1.0	0.0625	1.0	0.0625	0.00010510644191199744	1	0.1095360824742268	1	0.1095360824742268	0	4	35	0	0	0	0	0	0	0	1	0	0	0	0	0	0	30	0
10	81272814	G	C	example-SDNA	12	25	14	33	37	47	84	41.666666666666664	0.44047619047619047	0.0	94.31292737904963	0.0	0.0	5.68707262095037	0	0	0	6.418119700134139e-82	1.3758110514686595e-59	0.16306708559599167	1.0	0.16306708559599167	6.234744851558879e-81	9.745328281236337e-59	0.2699558467322928	1	0.2699558467322928	0	84	144	0	0	0	0	26	0	0	12	0	0	4	0	3	0	0	0
10	81272814	G	C	example-NRNA	0	0	5	210	0	215	215	39.77591036414566	0.0	0.0	0.0	100.0	0.0	100.0	0	0	0	0.0	1.0	1.899113549152224e-65	1.0	1.899113549152224e-65	0.0	1	1.4348857926927917e-64	1	1.4348857926927917e-64	0	215	357	0	0	0	0	1	0	0	82	0	0	55	3	0	0	0	0
10	81272814	G	C	example-GDNA	8	9	5	18	17	23	41	29.310344827586206	0.425	0.0	95.41284303347068	0.0	0.0	4.587156966529315	0	1	1	3.6281566112201e-27	1.5149529204485002e-17	0.21479525392169313	1.0	0.21479525392169313	1.5229299355738691e-26	5.479616946303086e-17	0.347763744444646	1	0.347763744444646	0	41	58	0	0	0	0	3	0	0	7	0	0	0	0	1	0	0	0
10	81272814	G	C	example-TRNA	0	0	2	243	0	245	246	38.34586466165413	0.0	0.0	0.0	100.0	0.0	100.0	0	1	1	0.0	1.0	1.7686873200827355e-74	1.0	1.7686873200827355e-74	0.0	1	1.4317944972098336e-73	1	1.4317944972098336e-73	0	246	399	0	0	0	0	0	0	0	93	0	0	50	3	0	0	0	0
11	11373925	A	C	example-SDNA	53	42	0	0	95	0	95	29.62962962962963	1.0	100.0	0.0	0.0	100.0	0.0	0	0	0	1.0	4.558643775729759e-218	2.524354896707238e-29	2.524354896707238e-29	1.0	1	9.687118023425737e-217	1.072850831100576e-28	1.072850831100576e-28	1	0	95	135	0	0	0	0	8	0	0	0	0	0	1	7	15	0	0	0
11	11373925	A	C	example-NRNA	102	15	0	0	117	0	117	14.598540145985401	1.0	100.0	0.0	0.0	100.0	0.0	0	0	0	1.0	8.719589191775435e-279	6.018531076210112e-36	6.018531076210112e-36	1.0	1	2.47055027100304e-277	2.9232865227306256e-35	2.9232865227306256e-35	1	0	117	137	0	0	0	0	0	0	0	0	0	0	17	3	0	0	0	0
11	11373925	A	C	example-GDNA	22	17	0	0	39	0	39	17.02127659574468	1.0	100.0	0.0	0.0	100.0	0.0	0	0	0	1.0	2.2975224145189956e-75	1.818989403545856e-12	1.818989403545856e-12	1.0	1	1.9528940523411465e-74	5.834494313260293e-12	5.834494313260293e-12	1	0	39	47	0	0	0	0	0	0	0	0	0	0	1	2	2	0	0	0
11	11373925	A	C	example-TRNA	103	24	0	0	127	0	127	7.971014492753623	1.0	100.0	0.0	0.0	100.0	0.0	0	0	0	1.0	5.300262057391705e-307	5.877471754111439e-39	5.877471754111439e-39	1.0	1	1.6382628177392544e-305	3.027788479390741e-38	3.027788479390741e-38	1	0	127	138	0	0	0	0	0	0	44	0	0	0	10	1	0	0	0	0
11	11373960	C	T	example-SDNA	22	24	40	26	46	66	112	37.43016759776536	0.4107142857142857	0.0	88.16701488021185	0.0	0.0	11.832985119788145	0	0	0	1.284744335142395e-124	1.7010333510517443e-77	0.036063193117587614	1.0	0.036063193117587614	1.5600466926729082e-123	1.5219772088357712e-76	0.06556944203197748	1	0.06556944203197748	0	112	179	0	0	0	0	16	0	0	1	0	0	12	0	17	0	0	0
11	11373960	C	T	example-NRNA	111	30	2	0	141	2	143	14.880952380952381	0.986013986013986	91.78581903840714	0.0	0.0	100.0	0.0	0	0	0	0.08785534268126466	0.0	9.234668983777687e-40	9.234668983777687e-40	1.0	0.1508627096546969	0.0	4.905917897631896e-39	4.905917897631896e-39	1	0	143	168	0	0	0	0	0	0	0	2	0	0	2	20	0	0	0	0
11	11373960	C	T	example-GDNA	11	14	14	10	25	24	49	15.517241379310345	0.5102040816326531	0.0	98.57536918408168	0.0	1.424630815918326	0.0	0	0	0	3.102397829433287e-35	3.069323453800361e-37	0.5000000000000001	0.5000000000000001	1.0	1.4856552986018558e-34	1.5575671258091384e-36	0.7203389830508475	0.7203389830508475	1	0	49	58	0	0	0	0	0	0	0	1	0	0	3	0	2	0	0	0
11	11373960	C	T	example-TRNA	117	34	0	0	151	0	151	9.580838323353293	1.0	100.0	0.0	0.0	100.0	0.0	0	0	0	1.0	0.0	3.503246160812043e-46	3.503246160812043e-46	1.0	1	0.0	2.0536270597863697e-45	2.0536270597863697e-45	1	0	151	167	0	0	0	0	0	0	44	3	0	0	2	10	0	0	0	0
11	64575553	G	A	example-SDNA	0	10	1	7	10	8	18	33.333333333333336	0.5555555555555556	0.0	76.14192245247294	0.0	2.2413228885842162	0.0	0	0	0	5.334657747273124e-09	3.4724735146237596e-12	0.40726470947265614	0.40726470947265614	1.0	1.4510269072582897e-08	1.093186106455628e-11	0.5968534535375134	0.5968534535375134	1	0	18	27	0	0	0	0	9	0	0	0	0	0	0	0	0	0	0	0
11	64575553	G	A	example-NRNA	0	0	0	28	0	28	28	73.07692307692308	0.0	0.0	0.0	79.89549441766204	0.0	79.89549441766204	0	0	0	1.6284146065477178e-50	1.0	3.7252902984619132e-09	1.0	3.7252902984619132e-09	1.0446433325023095e-49	1	1.0243551571128215e-08	1	1.0243551571128215e-08	0	28	104	0	0	0	0	3	0	0	8	0	0	11	0	0	0	53	0
11	64575553	G	A	example-GDNA	0	0	0	15	0	15	15	50.0	0.0	0.0	0.0	41.71491738753925	0.0	41.71491738753925	0	0	0	1.066144926023537e-23	1.0	3.0517578125e-05	1.0	3.0517578125e-05	4.21499156800003e-23	1	6.737647118506494e-05	1	6.737647118506494e-05	0	15	30	0	0	0	0	14	0	0	0	0	0	0	0	0	0	0	0
11	64575553	G	A	example-TRNA	0	7	0	1	7	1	8	68.0	0.875	9.04893314082739	0.0	0.0	11.896902672332834	0.0	0	0	0	0.33657956871093775	5.9765625000000015e-09	0.03515625	0.03515625	1.0	0.5190426515955779	1.612723214285715e-08	0.06461148648648649	0.06461148648648649	1	0	8	25	0	0	0	0	0	0	0	2	0	0	0	0	0	0	14	0
13	46090371	A	G	example-SDNA	0	0	28	39	0	67	67	12.987012987012987	0.0	0.0	0.0	100.0	0.0	100.0	0	0	0	4.2471853188248674e-144	1.0	6.776263578034403e-21	1.0	6.776263578034403e-21	6.278447862610674e-143	1	2.5599217961463298e-20	1	2.5599217961463298e-20	0	67	77	0	0	0	0	1	0	0	0	0	0	2	0	0	0	0	0
13	46090371	A	G	example-NRNA	1	4	0	5	5	5	10	74.35897435897436	0.5	0.0	42.2659710435378	0.0	0.0	0.0	0	0	0	2.6531852030393115e-05	2.6531852030393115e-05	1.0	1.0	1.0	5.9347563752195126e-05	5.9347563752195126e-05	1	1	1	0	10	39	0	0	0	0	0	0	0	0	0	0	0	1	0	0	28	0
13	46090371	A	G	example-GDNA	0	0	47	65	0	112	113	14.393939393939394	0.0	0.0	0.0	100.0	0.0	100.0	0	1	1	1.783039838905081e-229	1.0	1.9259299443872354e-34	1.0	1.9259299443872354e-34	4.330239608769482e-228	1	8.730882414555467e-34	1	8.730882414555467e-34	0	113	132	0	0	0	0	9	0	0	0	0	0	3	0	0	0	0	0
13	46090371	A	G	example-TRNA	0	2	0	3	2	3	5	76.19047619047619	0.4	0.0	9.556315029549825	0.0	0.0	1.424630815918326	0	0	0	0.0032650086273576474	0.04411480335574463	0.5	1.0	0.5	0.0064540868215209315	0.07978209117528284	0.7203389830508475	1	0.7203389830508475	0	5	21	0	0	0	0	2	0	0	0	0	0	0	0	0	0	14	0
14	74340797	A	T	example-SDNA	16	11	3	3	27	6	33	19.51219512195122	0.8181818181818182	0.0	13.269990952584521	0.0	34.79029090352117	0.0	0	0	0	6.757876209066912e-06	1.5508851600714126e-44	0.00016203173436224458	0.00016203173436224458	1.0	1.563046198015476e-05	8.788349240404672e-44	0.000331872227007007	0.000331872227007007	1	0	33	41	0	0	0	0	0	0	0	0	0	0	2	0	0	0	0	0
14	74340797	A	T	example-NRNA	10	9	12	7	19	19	38	26.923076923076923	0.5	0.0	100.0	0.0	0.0	0.0	0	0	0	1.954674163098696e-26	1.954674163098696e-26	1.0	1.0	1.0	8.007098981368152e-26	8.007098981368152e-26	1	1	1	0	38	52	0	0	0	0	0	0	0	2	0	0	7	2	0	0	0	0
14	74340797	A	T	example-GDNA	15	9	17	11	24	28	52	30.666666666666668	0.46153846153846156	0.0	97.15203046849456	0.0	0.0	2.847969531505443	0	0	0	3.984257752188559e-43	5.236953345117421e-35	0.3389043195712303	1.0	0.3389043195712303	2.184915541522758e-42	2.4730057463054484e-34	0.5190426515955779	1	0.5190426515955779	0	52	75	0	0	0	0	9	0	0	0	0	0	3	0	0	0	0	0
14	74340797	A	T	example-TRNA	15	10	0	0	25	0	25	21.875	1.0	71.04860684856523	0.0	0.0	71.04860684856523	0.0	0	0	0	1.0	4.899547861182821e-44	2.9802322387695312e-08	2.9802322387695312e-08	1.0	1	2.7308955291838675e-43	7.854875668074733e-08	7.854875668074733e-08	1	0	25	32	0	0	0	0	0	0	0	0	0	0	6	0	0	0	0	0
16	71487206	T	C	example-SDNA	5	6	7	4	11	11	22	33.333333333333336	0.5	0.0	100.0	0.0	0.0	0.0	0	0	0	1.8312639632943058e-13	1.8312639632943058e-13	1.0	1.0	1.0	6.22629747520064e-13	6.22629747520064e-13	1	1	1	0	22	33	0	0	0	0	7	0	0	0	0	0	1	0	0	0	0	1
16	71487206	T	C	example-NRNA	1	0	2	2	1	4	5	16.666666666666668	0.2	0.0	0.0	1.9945724060837087	0.0	5.1358314585676865	0	0	0	0.0001227167251740346	0.30963846909025994	0.1875	1.0	0.1875	0.0002575536207356282	0.48514783175432435	0.30649038461538464	1	0.30649038461538464	0	5	6	0	0	0	0	0	0	0	1	0	0	0	0	0	0	0	0
16	71487206	T	C	example-GDNA	30	29	21	26	59	47	106	26.38888888888889	0.5566037735849056	0.0	93.80375609314291	0.0	6.196243906857095	0.0	0	0	0	4.665097989810954e-80	4.771937632935613e-108	0.14264221093282928	0.14264221093282928	1.0	4.405925879265901e-79	5.070183734994089e-107	0.24009085008496017	0.24009085008496017	1	0	106	144	0	0	0	0	21	0	0	0	0	0	1	0	1	0	0	0
16	71487206	T	C	example-TRNA	0	0	3	1	0	4	4	20.0	0.0	0.0	0.0	9.604427955438958	0.0	9.604427955438958	0	0	0	4.82253086419753e-05	1.0	0.0625	1.0	0.0625	0.00010510644191199744	1	0.1095360824742268	1	0.1095360824742268	0	4	5	0	0	0	0	0	0	0	0	0	0	1	0	0	0	0	0
17	21217513	G	A	example-SDNA	3	5	5	7	8	12	20	41.1764705882353	0.4	0.0	73.27585177764077	0.0	0.0	3.9830144277766975	0	0	0	2.0193165665905716e-15	7.021633920571066e-09	0.25172233581542974	1.0	0.25172233581542974	7.151746173341608e-15	1.879807506294616e-08	0.39966724537037035	1	0.39966724537037035	0	20	34	0	0	0	0	5	0	0	0	0	0	1	0	6	0	0	0
17	21217513	G	A	example-NRNA	0	0	38	2	0	40	40	13.043478260869565	0.0	0.0	0.0	100.0	0.0	100.0	0	0	0	1.0686329414571119e-77	1.0	9.094947017729286e-13	1.0	9.094947017729286e-13	9.819870272849137e-77	1	2.9733480634884208e-12	1	2.9733480634884208e-12	0	40	46	0	0	0	0	0	0	0	2	0	0	4	0	0	0	0	0
17	21217513	G	A	example-GDNA	7	17	27	32	24	59	83	32.520325203252035	0.2891566265060241	0.0	62.12718498788619	0.0	0.0	37.87281501211381	0	0	0	1.0102406680817978e-111	9.672376758302014e-34	7.727970539164584e-05	1.0	7.727970539164584e-05	1.1449394238260376e-110	4.327115918187743e-33	0.00016319937784571172	1	0.00016319937784571172	0	83	123	0	0	0	0	16	0	0	0	0	0	4	0	11	0	0	0
17	21217513	G	A	example-TRNA	0	0	39	9	0	48	48	12.727272727272727	0.0	0.0	0.0	100.0	0.0	100.0	0	0	0	1.000000000000001e-96	1.0	3.552713678800501e-15	1.0	3.552713678800501e-15	1.0000000000000008e-95	1	1.2325741334613982e-14	1	1.2325741334613982e-14	0	48	55	0	0	0	0	0	0	0	0	0	0	7	0	0	0	0	0
19	54659124	G	A	example-SDNA	0	0	6	12	0	18	18	30.76923076923077	0.0	0.0	0.0	50.48429007144381	0.0	50.48429007144381	0	0	0	1.4551915228366867e-29	1.0	3.814697265625e-06	1.0	3.814697265625e-06	6.343142535441968e-29	1	8.944807381465516e-06	1	8.944807381465516e-06	0	18	26	0	0	0	0	6	0	0	0	0	0	0	0	0	0	0	0
19	54659124	G	A	example-NRNA	0	0	22	56	0	78	78	17.02127659574468	0.0	0.0	0.0	100.0	0.0	100.0	0	0	0	1.198509146801208e-172	1.0	3.308722450212111e-24	1.0	3.308722450212111e-24	2.263850610624504e-171	1	1.3234889800848443e-23	1	1.3234889800848443e-23	0	78	94	0	0	0	0	0	0	0	0	0	0	12	0	0	0	0	0
19	54659124	G	A	example-GDNA	0	0	6	23	0	29	29	39.583333333333336	0.0	0.0	0.0	82.77572203260824	0.0	82.77572203260824	0	0	0	1.0486752169157842e-52	1.0	1.862645149230957e-09	1.0	1.862645149230957e-09	6.991168112771895e-52	1	5.277494589487712e-09	1	5.277494589487712e-09	0	29	48	0	0	0	0	12	0	0	0	0	0	0	0	0	0	0	0
19	54659124	G	A	example-TRNA	10	6	22	36	16	58	74	11.904761904761905	0.21621621621621623	0.0	40.889902100269204	0.0	0.0	59.110097899730796	0	0	0	1.7208597831093077e-111	5.779700620226544e-20	4.837445568800945e-07	1.0	4.837445568800945e-07	1.8873946008295633e-110	2.1594485833813462e-19	1.2274115622330756e-06	1	1.2274115622330756e-06	0	74	84	0	0	0	0	0	0	0	0	0	0	10	0	0	0	0	0
21	47614443	A	G	example-SDNA	6	3	1	0	9	1	10	23.076923076923077	0.9	14.06998172857849	0.0	0.0	16.878483567482256	0.0	0	0	0	0.34661983977996924	3.643338832768979e-12	0.010742187499999998	0.010742187499999998	1.0	0.5237810912230646	1.1364543148086724e-11	0.020518785112359546	0.020518785112359546	1	0	10	13	0	0	0	0	1	0	0	0	0	0	0	1	1	0	0	0
21	47614443	A	G	example-NRNA	5	6	8	6	11	14	25	26.470588235294116	0.44	0.0	97.19073889249165	0.0	0.0	2.809261107508344	0	0	0	2.052630062603701e-18	3.0813098838771185e-13	0.345018982887268	1.0	0.345018982887268	7.504238938551165e-18	1.0372726341764557e-12	0.5236895275967461	1	0.5236895275967461	0	25	34	0	0	0	0	0	0	0	0	0	0	3	6	0	0	0	0
21	47614443	A	G	example-GDNA	2	1	4	1	3	5	8	46.666666666666664	0.375	0.0	16.740163761649317	0.0	0.0	2.70005935733252	0	0	0	1.5404882812500003e-05	0.0057882179296875015	0.3632812500000001	1.0	0.3632812500000001	3.4917734375000004e-05	0.011375688416726882	0.5370244565217394	1	0.5370244565217394	0	8	15	0	0	0	0	7	0	0	0	0	0	0	0	0	0	0	0
21	47614443	A	G	example-TRNA	13	2	4	1	15	5	20	37.5	0.75	0.0	24.104667399673055	0.0	14.103398372580235	0.0	0	0	0	7.064991278341411e-05	3.103805630070479e-21	0.020694732666015625	0.020694732666015625	1.0	0.00015107528519723773	1.1991976297999578e-20	0.03887408346102383	0.03887408346102383	1	0	20	32	0	0	0	0	0	0	0	0	0	0	8	4	0	0	0	0
21	47614469	A	C	example-SDNA	10	3	1	0	13	1	14	22.22222222222222	0.9285714285714286	24.606082565664128	0.0	0.0	27.32159044923663	0.0	0	0	0	0.35884354764366067	3.6845933205562065e-19	0.0009155273437500001	0.0009155273437500001	1.0	0.5351175710475642	1.3616975315099025e-18	0.001852852957589286	0.001852852957589286	1	0	14	18	0	0	0	0	2	0	0	0	0	0	1	0	0	0	0	0
21	47614469	A	C	example-NRNA	20	10	2	1	30	3	33	35.294117647058826	0.9090909090909091	41.011477467294156	0.0	0.0	57.59779323621469	0.0	0	0	0	0.011554270668708273	2.32164357529438e-52	7.005874067544939e-07	7.005874067544939e-07	1.0	0.021946659370730797	1.517997722307864e-51	1.7386840751571383e-06	1.7386840751571383e-06	1	0	33	51	0	0	0	0	0	0	0	0	0	0	13	5	0	0	0	0
21	47614469	A	C	example-GDNA	2	1	5	1	3	6	9	50.0	0.3333333333333333	0.0	15.085570997910828	0.0	0.0	3.9830144277766975	0	0	0	6.576743515850964e-07	0.006414683131044807	0.25390625	1.0	0.25390625	1.6563650336217241e-06	0.012392001503154742	0.39966724537037035	1	0.39966724537037035	0	9	18	0	0	0	0	9	0	0	0	0	0	0	0	0	0	0	0
21	47614469	A	C	example-TRNA	17	10	6	0	27	6	33	31.25	0.8181818181818182	0.0	13.269990952584521	0.0	34.79029090352117	0.0	0	0	0	6.757876209066912e-06	1.5508851600714126e-44	0.00016203173436224458	0.00016203173436224458	1.0	1.563046198015476e-05	8.788349240404672e-44	0.000331872227007007	0.000331872227007007	1	0	33	48	0	0	0	0	0	0	0	0	0	0	7	8	0	0	0	0
X	107159291	C	A	example-SDNA	49	48	91	91	97	182	279	13.88888888888889	0.34767025089605735	0.0	37.17113305633886	0.0	0.0	62.82886694366114	0	0	0	0.0	1.287712625989584e-190	2.0239898012743065e-07	1.0	2.0239898012743065e-07	0.0	2.5754252519791683e-189	5.213307063888365e-07	1	5.213307063888365e-07	0	279	324	0	0	0	0	9	0	0	0	0	0	16	5	2	0	0	0
X	107159291	C	A	example-NRNA	6	2	6	2	8	8	16	20.0	0.5	0.0	79.89549441766204	0.0	0.0	0.0	0	0	0	3.735883514176173e-09	3.735883514176173e-09	1.0	1.0	1.0	1.0243551571128215e-08	1.0243551571128215e-08	1	1	1	0	16	20	0	0	0	0	0	0	0	0	0	0	4	0	0	0	0	0
X	107159291	C	A	example-GDNA	46	40	29	38	86	67	153	17.741935483870968	0.5620915032679739	0.0	91.00654345077191	0.0	8.993456549228084	0.0	0	0	0	2.0702657167457936e-123	1.014186125027324e-170	0.0726827748736363	0.0726827748736363	1.0	2.427208081701965e-122	1.7241164125464508e-169	0.126082364576716	0.126082364576716	1.0	0	153	186	0	0	0	0	10	0	0	0	0	0	10	0	3	0	0	0
X	107159291	C	A	example-TRNA	0	0	7	2	0	9	9	25.0	0.0	0.0	0.0	24.10787154325729	0.0	24.10787154325729	0	0	0	8.283156608837598e-13	1.0	0.001953125	1.0	0.001953125	2.761052202945866e-12	1	0.003883406432748538	1	0.003883406432748538	0	9	12	0	0	0	0	0	0	0	0	0	0	3	0	0	0	0	0
